Unnamed: 0,Records,class_s,410,435,460,485,510,535,560,585,610,645,680,705,730,760,810,860,900,940,image_name,folder,"class"
0,rec_404,h,1183.12,1191.08,1740.2,1130.6,1473.71,1804.31,1271.13,1306.75,1293.79,536.71,793.58,1369.57,7824.14,10022.48,12191.66,12279.21,3273.22,1455.4,DJI_0404.jpg,tvisha_images,h
1,rec_365,h,846.54,978.6,1500.31,1080.56,1597.44,2425.41,1643.41,1589.15,2294.73,774.48,1344.59,1707.15,7466.97,7876.32,8064.73,7032.7,2256.71,979.8,DJI_0365.jpg,tvisha_images,h
2,rec_393,u,1191.62,1334.36,1935.11,1447.54,1858.29,2321.01,1621.82,1654.08,2221.51,741.98,1179.89,1792.49,9544.22,11094.33,11992.23,11773.31,3420.91,1471.1,DJI_0393.jpg,tvisha_images,u
3,rec_412,h,978.28,1021.49,1460.33,1036.08,1279.05,1557.68,1047.87,1204.07,1364.71,498.22,730.69,1195.97,7806.13,9830.11,10609.14,9513.39,3070.54,1309.2,DJI_0412.jpg,tvisha_images,h
4,rec_582,h,1452.55,1545.87,2274.96,1470.71,1930.01,2429.2,1633.94,1737.64,1783.39,644.48,1136.96,1940.99,11727.21,14538.95,16108.84,15646.34,4408.38,1818.1,DJI_0582.jpg,tvisha_images,h
5,rec_495,u,934.93,1227.15,1535.3,1731.12,2179.04,2477.61,2025.17,2090.0,3897.37,1224.81,2263.94,1782.87,6382.92,6444.19,7641.81,7196.89,1666.58,767.9,DJI_0495.jpg,tvisha_images,u
6,rec_553,h,1378.6,1393.82,2012.08,1467.01,1736.14,1973.77,1355.91,1529.25,1738.78,630.79,939.32,1579.98,9671.11,11783.91,13760.42,13514.01,3741.62,1520.2,DJI_0553.jpg,tvisha_images,h
7,rec_533,u,215.03,220.28,285.87,312.31,284.5,282.94,230.11,293.47,553.66,161.23,165.7,228.4,1131.05,1335.95,1563.61,1531.02,461.6,199.8,DJI_0533.jpg,tvisha_images,u
8,rec_523,u,1127.02,1257.36,1935.11,1497.59,2030.09,2646.32,1988.84,2176.08,3297.95,1166.65,1460.38,2328.35,9732.99,11491.29,12505.41,12599.83,3780.55,1509.1,DJI_0523.jpg,tvisha_images,u
9,rec_594,h,1527.34,1601.43,2273.96,1604.16,2009.6,2388.34,1705.55,1851.4,2044.21,739.42,1101.03,1914.64,12768.96,15025.56,16365.0,15522.08,4548.65,1974.5,DJI_0594.jpg,tvisha_images,h
10,rec_475,u,1632.74,2009.83,2931.66,2137.95,2789.8,3469.42,2271.08,2428.27,3262.49,1299.22,2608.33,2506.97,11056.72,12453.92,14069.02,12990.35,4257.6,2315.0,DJI_0475.jpg,tvisha_images,u
11,rec_445,u,1139.77,1485.44,2262.96,1967.44,2443.83,2936.07,2092.57,2033.62,3453.53,1119.6,2594.35,2486.9,6933.56,8168.12,9344.67,9764.12,2883.92,1241.7,DJI_0445.jpg,tvisha_images,u
12,rec_480,u,1648.03,1975.72,2840.7,2138.88,2688.14,3399.82,2298.46,2413.17,3389.47,1267.14,2131.18,2432.51,11608.15,13211.15,15043.8,13860.15,4479.44,2282.6,DJI_0480.jpg,tvisha_images,u
13,rec_400,u,877.14,1021.49,1434.34,1262.2,1480.8,1700.66,1191.09,1288.63,1927.52,660.3,1331.61,1296.36,5983.44,6934.06,7824.91,7242.38,2203.57,1000.2,DJI_0400.jpg,tvisha_images,u
14,rec_569,h,1488.25,1572.19,2301.95,1492.03,1920.55,2446.6,1621.82,1691.83,1711.32,668.0,1130.97,1908.78,11532.95,13925.18,15329.19,14842.0,4338.55,1842.1,DJI_0569.jpg,tvisha_images,h
15,rec_535,u,323.83,396.7,502.77,425.37,482.3,463.75,326.47,505.89,825.92,427.66,495.11,408.28,2065.5,2175.5,2252.14,2185.58,724.84,346.0,DJI_0535.jpg,tvisha_images,u
16,rec_382,h,1480.6,1609.23,2299.95,1810.82,2528.16,3441.42,2637.04,2614.52,3913.39,1259.45,1721.92,2605.7,11332.44,12598.19,14154.12,13774.72,3821.95,1510.0,DJI_0382.jpg,tvisha_images,h
17,rec_473,u,1748.33,2205.75,2996.63,2983.13,3257.13,3381.66,2520.15,2880.3,5228.91,1933.43,3033.57,2491.08,11104.5,12143.37,14051.83,12745.17,4161.2,2138.2,DJI_0473.jpg,tvisha_images,u
18,rec_424,u,935.78,1028.31,1588.27,988.82,1446.91,2050.93,1401.72,1399.88,2020.18,753.53,1148.94,1735.18,6997.0,8075.2,8516.88,8638.05,2722.64,1209.3,DJI_0424.jpg,tvisha_images,u
19,rec_397,u,1172.92,1511.76,2031.07,1992.46,2242.09,2628.16,1707.65,2223.4,4333.21,1536.57,2476.56,2120.45,8482.88,8644.14,8596.83,7761.6,2682.47,1304.6,DJI_0397.jpg,tvisha_images,u
20,rec_531,u,193.79,210.54,331.85,295.63,331.78,323.79,259.07,279.37,469.01,154.38,326.42,279.85,817.74,1113.43,1456.16,1557.64,434.41,173.9,DJI_0531.jpg,tvisha_images,u
21,rec_565,h,1231.56,1317.79,1926.12,1264.05,1651.81,1996.46,1357.49,1489.48,1616.38,626.94,1034.15,1612.19,9660.92,11537.75,12656.7,12675.28,3551.29,1504.4,DJI_0565.jpg,tvisha_images,h
22,rec_536,u,368.87,434.72,664.7,480.97,587.91,618.84,443.37,508.91,702.37,262.58,662.81,570.17,1695.01,2319.78,2909.73,3235.11,876.24,334.0,DJI_0536.jpg,tvisha_images,u
23,rec_550,h,1179.72,1215.45,1746.2,1256.64,1566.7,1769.51,1227.43,1337.46,1418.48,532.0,878.43,1421.86,8834.57,10609.35,12616.3,12191.56,3393.1,1436.9,DJI_0550.jpg,tvisha_images,h
24,rec_571,h,1321.66,1412.34,2096.04,1372.48,1681.76,1953.34,1252.17,1453.24,1593.5,611.55,1026.16,1519.75,10146.56,12244.44,12856.99,11880.92,3876.33,1672.8,DJI_0571.jpg,tvisha_images,h
25,rec_511,u,1131.27,1374.33,2097.04,1703.32,2261.0,2865.71,2054.14,2447.4,4034.65,1530.58,2651.25,2471.84,9512.89,10251.52,11033.78,10255.6,3353.55,1502.6,DJI_0511.jpg,tvisha_images,u
26,rec_421,h,578.81,1202.78,1712.22,1135.24,1523.36,1674.19,936.76,975.54,2494.91,843.34,1963.48,1146.61,3028.14,3118.57,3394.55,3188.51,947.92,412.6,DJI_0421.jpg,tvisha_images,h
27,rec_442,u,1085.37,1212.53,1559.29,1953.54,2291.74,2238.55,1927.23,1951.57,3680.03,1078.55,1665.02,1604.66,7518.67,7584.51,10071.89,8876.58,2181.32,1042.7,DJI_0442.jpg,tvisha_images,u
28,rec_528,u,1172.07,1238.84,1796.18,1551.34,1617.93,1534.23,1173.19,1867.51,3633.13,1172.2,1757.85,1552.38,8923.08,8679.19,9366.16,7903.6,3016.16,1370.3,DJI_0528.jpg,tvisha_images,u
29,rec_585,h,1336.11,1394.8,2073.05,1360.43,1731.41,2206.78,1505.45,1591.66,1805.12,629.51,971.26,1742.71,11019.91,13286.95,13885.06,13474.07,4159.96,1799.6,DJI_0585.jpg,tvisha_images,h
30,rec_405,h,713.1,806.08,1048.52,1103.73,1342.1,1799.77,1365.39,1206.58,1993.87,549.54,839.5,1307.24,5955.25,6519.99,6916.31,6775.31,1981.73,913.2,DJI_0405.jpg,tvisha_images,h
31,rec_549,h,1086.22,1080.94,1440.34,1150.07,1270.38,1236.16,917.81,1200.04,1392.16,527.3,701.74,990.58,8257.29,8997.89,10448.4,9044.1,2770.84,1277.7,DJI_0549.jpg,tvisha_images,h
32,rec_406,h,1013.13,1129.68,1555.29,1238.1,1725.11,2246.12,1671.85,1730.59,2276.42,703.92,932.33,1695.86,9168.24,10177.35,10716.59,9385.81,3079.19,1390.6,DJI_0406.jpg,tvisha_images,h
33,rec_558,h,1208.62,1337.29,1963.1,1255.71,1697.52,2081.2,1412.25,1499.04,1411.61,587.17,1115.0,1699.62,10500.6,12468.59,13412.29,13711.49,3898.58,1708.9,DJI_0558.jpg,tvisha_images,h
34,rec_440,u,1166.12,1582.91,2510.85,1846.04,2610.91,3502.7,2404.83,2290.85,3498.14,1262.44,2944.72,2881.79,9102.45,10336.29,10120.89,10824.74,3422.14,1632.1,DJI_0440.jpg,tvisha_images,u
35,rec_552,h,1226.46,1324.62,2002.08,1263.13,1581.68,1895.09,1243.75,1355.58,1433.35,540.56,926.34,1551.96,9505.84,11787.17,12299.97,12600.94,3819.48,1634.0,DJI_0552.jpg,tvisha_images,h
36,rec_364,h,1294.46,1479.59,2193.0,1605.09,2344.54,3506.49,2468.54,2507.3,3661.72,1185.46,1670.01,2619.08,11366.12,12439.25,12341.23,11799.93,3715.05,1549.8,DJI_0364.jpg,tvisha_images,h
37,rec_483,u,1574.94,2020.55,2883.68,2602.24,3166.5,3874.91,2807.13,2705.12,4603.18,1637.49,3741.3,2990.55,9208.19,9497.55,11260.71,9759.68,3183.62,1835.7,DJI_0483.jpg,tvisha_images,u
38,rec_522,u,1155.92,1401.62,2221.98,1699.61,2209.77,3035.17,1984.1,2202.76,3696.04,1270.14,2392.71,2484.8,8057.56,9012.57,9987.65,9926.1,2974.14,1220.4,DJI_0522.jpg,tvisha_images,u
39,rec_481,u,1672.68,2130.69,3005.62,2609.66,3164.93,3691.08,2672.32,2796.74,4602.04,1710.2,3291.1,2798.96,11083.35,12017.03,13556.7,12108.35,3989.41,2194.7,DJI_0481.jpg,tvisha_images,u
40,rec_368,h,725.0,806.08,1174.46,960.09,1394.9,2023.7,1482.28,1429.07,2211.22,683.39,979.25,1448.63,5338.81,5903.77,6669.61,6570.06,1783.37,661.5,DJI_0368.jpg,tvisha_images,h
41,rec_402,h,1054.78,1132.6,1438.34,1147.29,1388.6,1390.49,1083.15,1233.26,1437.92,581.18,966.27,998.1,6954.71,7985.54,9208.86,8050.05,2376.59,1196.3,DJI_0402.jpg,tvisha_images,h
42,rec_589,h,1509.49,1578.04,2315.94,1539.29,1937.89,2370.94,1588.65,1729.59,1850.88,702.21,1117.0,1900.0,12142.34,14485.97,15909.41,15286.88,4483.76,1928.2,DJI_0589.jpg,tvisha_images,h
43,rec_561,h,1404.1,1411.37,1908.13,1409.55,1650.24,1787.66,1239.01,1608.78,1683.87,712.47,1011.19,1523.93,12500.3,13260.06,13690.79,11611.33,3931.33,1918.0,DJI_0561.jpg,tvisha_images,h
44,rec_596,h,1546.04,1492.27,1928.12,1659.76,1907.94,2053.96,1619.19,1805.09,2143.73,765.08,982.24,1592.95,12209.71,12854.14,15311.99,13749.21,3631.63,1715.4,DJI_0596.jpg,tvisha_images,h
45,rec_369,h,683.35,768.06,1081.5,896.14,1303.48,1855.75,1429.63,1325.38,1980.15,610.26,940.32,1318.95,5075.63,5677.99,6336.95,6394.77,1672.76,656.0,DJI_0369.jpg,tvisha_images,h
46,rec_389,u,1271.51,1596.56,2383.91,2173.17,2766.16,3392.25,2339.53,2486.66,4305.76,1417.25,2448.61,2587.71,10087.81,11247.57,12337.79,11453.79,3519.16,1502.6,DJI_0389.jpg,tvisha_images,u
47,rec_361,h,1342.06,1502.99,2214.99,1663.47,2354.78,3359.72,2383.24,2441.86,3612.54,1150.39,1798.78,2593.57,11396.66,12092.02,12530.34,11576.94,3634.72,1524.8,DJI_0361.jpg,tvisha_images,h
48,rec_592,h,1428.75,1496.16,2157.01,1580.99,1953.65,2333.12,1642.36,1796.54,2039.63,743.69,1119.99,1876.57,12049.13,13919.47,15504.54,14411.54,4192.71,1820.9,DJI_0592.jpg,tvisha_images,h
49,rec_529,u,1127.02,1601.43,2198.99,2388.17,2581.75,2386.83,1847.72,2436.83,4859.42,2042.48,3434.85,2108.32,6210.59,7188.37,7448.4,7357.76,2469.28,1011.3,DJI_0529.jpg,tvisha_images,u
50,rec_450,u,1371.8,1741.79,2695.77,2253.8,2996.28,3806.07,2718.14,2747.41,4804.51,1582.33,3279.13,3153.28,10232.72,11422.0,12416.01,12082.84,3723.7,1620.1,DJI_0450.jpg,tvisha_images,u
51,rec_575,h,1530.74,1595.58,2246.97,1666.25,2116.78,2464.75,1806.12,1891.67,2094.54,771.92,1281.7,1938.9,12291.95,14820.97,16478.47,15788.34,4442.36,1885.6,DJI_0575.jpg,tvisha_images,h
52,rec_409,h,1186.52,1257.36,1743.2,1251.08,1595.07,2175.76,1396.98,1501.06,1890.92,684.25,963.27,1649.01,10162.22,11059.28,10801.69,9655.4,3386.92,1587.7,DJI_0409.jpg,tvisha_images,h
53,rec_385,h,921.34,1055.6,1603.27,1108.36,1688.85,2467.78,1771.37,1714.49,2591.0,851.46,1249.76,1815.91,7499.08,8377.6,8472.18,8608.09,2518.1,980.7,DJI_0385.jpg,tvisha_images,h
54,rec_454,u,1370.1,1768.11,2457.87,2233.41,3066.42,3579.87,2681.28,2789.19,4478.49,1572.49,3113.42,2716.97,10399.55,11034.02,12297.39,11179.76,3271.37,1490.5,DJI_0454.jpg,tvisha_images,u
55,rec_502,u,1006.33,1239.82,1758.19,1370.63,1840.17,2113.73,1632.88,2000.4,3041.71,1393.3,2209.04,2073.6,7087.86,7943.15,8815.16,8966.44,2738.09,1200.0,DJI_0502.jpg,tvisha_images,u
56,rec_423,u,204.84,192.99,221.9,260.41,214.36,132.39,91.1,163.09,219.63,257.45,171.69,167.33,658.74,630.89,857.02,1170.45,295.99,170.2,DJI_0423.jpg,tvisha_images,u
57,rec_570,h,1549.44,1600.46,2276.96,1553.19,1941.83,2342.2,1576.01,1717.51,1786.82,691.95,1050.12,1850.64,12478.37,14677.52,15927.46,14992.88,4471.4,1873.6,DJI_0570.jpg,tvisha_images,h
58,rec_394,u,894.99,1007.84,1523.3,1083.34,1402.78,1780.86,1184.77,1114.47,1584.35,487.96,911.37,1354.09,5406.95,7079.15,8650.12,8648.03,2309.85,818.8,DJI_0394.jpg,tvisha_images,u
59,rec_420,h,1061.58,1209.6,1874.14,1408.62,2092.35,2496.53,1904.59,1752.24,2594.44,820.24,1561.2,1761.12,6505.11,6908.79,12225.18,9594.38,2760.95,775.3,DJI_0420.jpg,tvisha_images,h
60,rec_530,u,437.72,598.47,810.63,1013.84,1109.62,861.68,765.1,771.67,1654.13,539.7,1187.87,640.86,1500.76,1733.72,2250.42,2669.3,580.24,250.7,DJI_0530.jpg,tvisha_images,u
61,rec_494,u,804.89,1047.8,1568.28,1408.62,1861.44,2564.61,1831.4,1795.03,3166.4,964.36,2030.36,1980.73,5963.86,6628.4,7012.59,7139.2,2060.21,928.9,DJI_0494.jpg,tvisha_images,u
62,rec_408,h,1175.47,1261.26,1717.21,1390.09,1784.21,2366.41,1699.23,1666.67,2119.71,689.38,1048.12,1756.1,9794.87,11042.98,12327.47,10992.26,3259.01,1475.7,DJI_0408.jpg,tvisha_images,h
63,rec_577,h,1320.81,1298.3,1699.22,1392.87,1655.75,1784.64,1424.89,1476.39,1603.79,590.59,863.45,1345.73,10024.37,11301.37,13754.4,12745.17,3191.04,1509.1,DJI_0577.jpg,tvisha_images,h
64,rec_513,u,1319.11,1645.29,2503.85,2114.79,2842.6,3634.34,2651.79,2763.51,4412.14,1554.53,3127.4,3068.36,9472.94,10664.78,12000.83,12470.03,3614.32,1530.3,DJI_0513.jpg,tvisha_images,u
65,rec_591,h,1348.01,1401.62,2045.06,1297.42,1686.49,2147.77,1435.95,1581.09,1651.84,621.38,992.22,1710.08,11294.06,13492.36,13978.76,13796.91,4130.3,1825.5,DJI_0591.jpg,tvisha_images,h
66,rec_584,h,1390.5,1473.75,2129.02,1375.26,1773.18,2202.24,1509.67,1638.98,1695.31,656.02,1042.13,1756.51,11855.66,14208.02,14682.77,14323.89,4334.22,1890.3,DJI_0584.jpg,tvisha_images,h
67,rec_452,u,1271.51,1780.78,2659.78,2340.91,3136.56,3883.99,2726.56,2858.15,4858.28,1650.32,3483.76,3121.9,9323.33,10655.81,11583.06,11096.55,3325.13,1387.8,DJI_0452.jpg,tvisha_images,u
68,rec_414,h,797.24,872.36,1276.42,945.26,1212.85,1623.5,1074.2,1113.96,1317.81,462.3,758.64,1253.28,6609.28,8338.48,9332.64,8912.08,2647.87,1100.1,DJI_0414.jpg,tvisha_images,h
69,rec_484,u,1845.22,2305.17,3250.51,2908.06,3433.66,3938.46,2762.37,3028.79,4976.1,1950.54,3302.08,2993.48,12228.5,13445.08,15424.6,14167.46,4583.87,2451.9,DJI_0484.jpg,tvisha_images,u
70,rec_581,h,1373.5,1442.56,2049.06,1399.35,1746.38,2048.67,1418.57,1578.58,1731.91,665.86,1026.16,1622.65,10895.37,12917.71,13834.35,13320.97,3834.93,1657.1,DJI_0581.jpg,tvisha_images,h
71,rec_567,h,1302.11,1378.23,1915.12,1325.22,1628.96,1902.66,1301.15,1489.48,1639.25,621.81,1014.18,1503.43,10430.88,11968.12,12697.96,11317.33,3606.91,1600.7,DJI_0567.jpg,tvisha_images,h
72,rec_482,u,1661.63,2145.31,3167.55,2618.0,3286.29,3720.58,2651.79,2843.05,4462.48,1841.91,3625.5,2824.9,11087.27,12183.31,13703.69,12899.38,4261.31,2294.6,DJI_0482.jpg,tvisha_images,u
73,rec_380,h,1331.01,1498.11,2218.98,1604.16,2244.45,3332.49,2223.16,2265.68,3408.92,1116.61,1568.19,2477.69,10426.97,11446.46,11740.37,11207.5,3561.18,1468.3,DJI_0380.jpg,tvisha_images,h
74,rec_403,h,1029.28,1151.12,1695.22,1164.89,1468.19,1758.92,1164.76,1268.5,1658.7,706.92,908.37,1307.24,5219.75,7318.79,9796.82,10710.47,2537.26,885.4,DJI_0403.jpg,tvisha_images,h
75,rec_443,u,1391.35,1834.39,2576.82,2234.33,2928.5,3299.95,2424.31,2782.14,4455.61,1573.35,3083.48,2763.82,11024.61,11624.96,11549.54,10379.86,3601.97,1683.9,DJI_0443.jpg,tvisha_images,u
76,rec_363,h,1335.26,1488.37,2181.0,1657.91,2313.01,3244.73,2370.08,2467.03,3786.41,1258.59,1708.94,2439.21,11587.0,12260.74,12679.05,12270.33,3600.73,1610.8,DJI_0363.jpg,tvisha_images,h
77,rec_503,u,911.99,1107.26,1667.24,1401.21,1769.24,2027.48,1524.41,1794.52,2763.74,986.17,2010.4,1928.44,5983.44,7260.1,8448.12,8664.67,2540.35,1067.7,DJI_0503.jpg,tvisha_images,u
78,rec_497,u,945.98,1299.28,1816.17,1869.2,2319.32,2950.44,2149.97,2235.98,4343.51,1308.2,2644.26,2246.78,6612.42,6928.35,6468.46,6891.8,2152.28,953.9,DJI_0497.jpg,tvisha_images,u
79,rec_387,h,679.95,764.16,1166.47,860.93,1193.94,1731.68,1229.01,1180.41,1785.68,558.95,850.48,1274.19,5340.37,6017.89,6322.33,6379.24,1815.5,698.5,DJI_0387.jpg,tvisha_images,h
80,rec_478,u,1691.38,1996.19,2791.72,2356.66,2752.76,3293.9,2316.89,2477.1,3702.91,1326.59,2122.2,2409.51,11753.05,13247.01,14907.98,13684.86,4513.42,2371.4,DJI_0478.jpg,tvisha_images,u
81,rec_557,h,1142.32,1197.91,1763.19,1138.02,1404.36,1648.46,1055.24,1314.81,1423.05,624.38,882.42,1385.05,9812.1,10743.84,11020.03,11014.45,3529.67,1643.2,DJI_0557.jpg,tvisha_images,h
82,rec_448,u,1311.46,1600.46,2228.98,2119.42,2607.75,2952.71,2182.09,2352.76,4612.33,1383.89,2849.89,2464.31,8949.71,8675.93,10105.42,9324.79,2725.73,1290.7,DJI_0448.jpg,tvisha_images,u
83,rec_391,u,1182.27,1304.15,1823.17,1372.48,1736.14,2155.33,1503.87,1576.06,2117.42,704.35,1062.1,1728.07,9413.41,11067.44,12067.02,11180.87,3404.84,1419.3,DJI_0391.jpg,tvisha_images,u
84,rec_401,h,813.39,984.45,1388.36,1264.98,1466.62,1677.21,1176.88,1333.43,2244.39,751.82,1424.45,1295.11,5757.08,6666.71,7187.95,6758.67,2134.98,990.9,DJI_0401.jpg,tvisha_images,h
85,rec_487,u,1722.83,2175.53,2952.65,3264.85,3282.35,3543.56,2632.31,2941.71,5995.35,1894.94,3133.39,2704.0,11053.59,12148.26,13309.99,12163.83,4237.21,2248.3,DJI_0487.jpg,tvisha_images,u
86,rec_381,h,1442.35,1588.76,2318.94,1798.77,2475.36,3455.8,2516.46,2571.23,3962.58,1215.83,1845.69,2634.14,11257.24,11951.82,12933.49,12252.58,3734.82,1604.4,DJI_0381.jpg,tvisha_images,h
87,rec_451,u,1495.9,1915.29,2678.77,2504.01,3178.32,3681.24,2664.43,2896.91,5124.81,1664.01,2996.63,2893.08,11940.26,12501.2,13178.47,11896.45,3843.58,1787.6,DJI_0451.jpg,tvisha_images,u
88,rec_543,u,254.13,273.89,445.8,236.31,327.05,357.84,211.68,274.84,212.77,108.2,270.52,312.48,1473.34,2049.16,2358.73,2542.82,781.07,307.1,DJI_0543.jpg,tvisha_images,u
89,rec_476,u,1449.15,1678.43,2433.89,1861.79,2251.54,2823.34,1936.18,2062.32,2815.22,1058.02,1573.18,2012.94,10598.51,11979.53,14017.44,12852.79,4134.01,2130.8,DJI_0476.jpg,tvisha_images,u
90,rec_548,h,1161.02,1187.18,1685.23,1309.46,1565.91,1668.13,1210.58,1304.24,1515.71,556.38,868.44,1326.9,8556.51,10045.3,12271.6,11870.94,3141.6,1365.6,DJI_0548.jpg,tvisha_images,h
91,rec_425,u,928.98,1010.76,1421.35,962.87,1321.61,1814.9,1120.53,1328.4,1766.23,748.83,1203.84,1498.83,6310.85,6822.39,7616.03,7386.61,2228.29,1041.8,DJI_0425.jpg,tvisha_images,u
92,rec_496,u,960.43,1253.46,1689.23,1822.87,2264.94,2612.27,2091.0,2193.7,4238.27,1265.43,2429.65,1933.04,7325.2,7309.82,7842.1,6888.47,2058.97,968.7,DJI_0496.jpg,tvisha_images,u
93,rec_419,h,1283.41,1302.2,1780.18,1245.52,1493.41,1795.23,1203.73,1575.56,1830.29,712.05,839.5,1321.46,10261.7,11651.05,11828.05,10345.47,3573.54,1769.1,DJI_0419.jpg,tvisha_images,h
94,rec_515,u,1309.76,1560.49,2328.93,1936.86,2501.36,3043.49,2176.3,2525.92,4152.47,1493.8,2648.26,2562.19,9080.52,10373.79,11518.59,11247.43,3492.59,1503.5,DJI_0515.jpg,tvisha_images,u
95,rec_595,h,1544.34,1656.02,2429.89,1604.16,2082.89,2677.34,1815.6,1865.5,2003.02,737.28,1201.85,2148.48,12903.69,15217.11,16455.26,16173.32,4676.56,1932.8,DJI_0595.jpg,tvisha_images,h
96,rec_471,u,1668.43,2127.77,3018.62,2683.8,3229.55,3666.11,2673.38,2802.78,4688.98,1752.96,3174.31,2742.07,10716.0,11993.39,13209.42,12119.45,4146.37,2194.7,DJI_0471.jpg,tvisha_images,u
97,rec_362,h,1416.85,1590.71,2314.94,1755.22,2545.5,3688.05,2728.67,2780.13,4099.85,1312.48,1927.55,2810.25,12376.54,13216.04,13955.55,13084.66,3956.04,1652.5,DJI_0362.jpg,tvisha_images,h
98,rec_371,h,698.65,791.46,1185.46,924.87,1224.68,1761.94,1298.51,1242.83,1977.86,606.42,940.32,1317.7,5493.11,6091.25,6428.06,6573.39,1877.3,739.2,DJI_0371.jpg,tvisha_images,h
99,rec_430,u,1071.77,1420.14,2054.06,2205.61,2535.25,3107.8,2183.67,2365.85,5042.45,1695.23,3070.5,2543.79,7307.18,7428.01,7848.98,7516.41,2494.62,1201.9,DJI_0430.jpg,tvisha_images,u
100,rec_566,h,1325.06,1423.06,2098.04,1406.77,1748.75,2075.9,1376.97,1574.55,1671.28,628.23,1075.07,1642.31,10097.21,12388.71,13879.91,13262.17,3806.5,1584.9,DJI_0566.jpg,tvisha_images,h
101,rec_370,h,652.75,767.09,1179.46,827.57,1183.7,1829.27,1242.17,1163.8,1787.96,560.66,905.38,1341.96,4980.85,5712.22,5909.73,6317.11,1809.32,714.3,DJI_0370.jpg,tvisha_images,h
102,rec_505,u,959.58,1247.62,2085.05,1256.64,1859.87,2595.63,1653.95,1906.77,2898.72,1304.78,2462.59,2338.39,7933.02,8844.66,8530.64,8955.35,3181.15,1412.8,DJI_0505.jpg,tvisha_images,u
103,rec_392,u,1298.71,1435.73,2026.07,1438.28,1757.42,2125.83,1384.34,1576.56,2163.17,791.16,1095.04,1647.33,10561.69,11554.87,11818.59,10542.94,3550.06,1585.9,DJI_0392.jpg,tvisha_images,u
104,rec_517,u,1359.9,1626.77,2421.89,2107.37,2755.13,3333.24,2528.57,2817.88,4541.41,1691.38,3016.6,2937.42,9653.09,10793.56,12431.49,12465.59,3605.67,1537.7,DJI_0517.jpg,tvisha_images,u
105,rec_514,u,1312.31,1572.19,2208.99,1934.08,2639.28,3098.72,2458.01,2627.6,4169.63,1490.38,2776.03,2573.49,9160.41,10319.17,11975.9,12241.49,3339.96,1501.7,DJI_0514.jpg,tvisha_images,u
106,rec_437,u,1234.96,1519.56,2206.99,2015.63,2423.34,2861.17,2093.63,2153.43,3887.08,1201.29,2297.88,2268.53,7667.49,8488.46,9404.85,9045.21,2792.47,1234.3,DJI_0437.jpg,tvisha_images,u
107,rec_579,h,1297.01,1307.07,1857.15,1343.75,1624.23,1865.59,1362.75,1451.22,1641.54,593.16,895.4,1444.45,9483.9,11087.81,13007.42,12417.89,3354.17,1447.1,DJI_0579.jpg,tvisha_images,h
108,rec_521,u,1221.36,1515.66,2384.91,1870.13,2618.79,3367.29,2434.32,2392.03,3800.14,1110.62,2788.01,2773.44,7610.31,9263.62,11371.6,12107.25,3226.88,1277.7,DJI_0521.jpg,tvisha_images,u
109,rec_417,h,1154.22,1317.79,1998.08,1501.29,2039.55,2958.76,2108.37,1916.84,2838.09,809.55,1635.07,2286.94,8929.35,10664.78,11840.94,11175.32,3372.71,1471.1,DJI_0417.jpg,tvisha_images,h
110,rec_507,u,1035.23,1223.25,1832.16,1572.65,2017.48,2394.4,1828.24,2032.62,3352.86,1239.35,1995.43,2045.99,6931.21,8083.35,9354.13,9398.01,2742.41,1172.3,DJI_0507.jpg,tvisha_images,u
111,rec_413,h,1268.96,1297.33,1814.17,1233.47,1484.74,1814.9,1180.04,1531.26,1779.96,713.33,858.46,1348.24,10169.27,11744.78,11829.77,10337.7,3685.39,1819.9,DJI_0413.jpg,tvisha_images,h
112,rec_390,u,1055.63,1156.97,1756.2,1198.26,1632.11,2092.54,1433.84,1484.95,1884.06,699.65,1050.12,1648.17,8810.29,10189.57,11154.12,10886.87,3250.36,1378.6,DJI_0390.jpg,tvisha_images,u
113,rec_479,u,1701.58,2024.45,2817.71,2369.64,2787.44,3320.38,2319.52,2500.75,3757.81,1354.39,2183.09,2424.57,11908.14,13516.81,14970.73,13850.17,4546.18,2389.9,DJI_0479.jpg,tvisha_images,u
114,rec_573,h,1473.8,1508.84,2056.06,1591.19,1878.78,2100.87,1531.26,1668.18,1929.81,699.65,1018.18,1576.22,11486.74,12740.02,14233.2,13005.89,3801.56,1729.3,DJI_0573.jpg,tvisha_images,h
115,rec_546,h,1191.62,1227.15,1698.22,1308.54,1545.42,1655.27,1166.87,1317.83,1611.8,564.08,937.32,1358.69,8543.97,10127.62,11980.2,11523.68,3226.88,1349.9,DJI_0546.jpg,tvisha_images,h
116,rec_516,u,1258.76,1677.46,2628.8,1897.01,2843.39,3661.57,2686.54,2751.94,3672.02,1344.12,3421.87,3153.69,8683.4,11098.41,12164.15,13217.79,3804.03,1516.5,DJI_0516.jpg,tvisha_images,u
117,rec_383,h,1368.4,1528.33,2339.93,1599.53,2413.1,3705.45,2515.41,2493.2,3653.72,1210.69,1921.56,2849.16,11343.4,12682.15,13076.18,12889.4,3857.79,1553.5,DJI_0383.jpg,tvisha_images,h
118,rec_428,u,1127.02,1507.86,2136.02,2132.39,2748.82,3305.25,2449.59,2518.88,4573.44,1570.78,3398.91,2716.13,7827.28,7921.96,8726.62,8148.79,2532.93,1241.7,DJI_0428.jpg,tvisha_images,u
119,rec_537,u,418.17,486.38,645.7,809.03,833.0,810.24,678.22,711.77,1405.89,413.97,759.64,669.73,2143.83,2713.47,3482.23,3580.14,902.81,366.4,DJI_0537.jpg,tvisha_images,u
120,rec_597,h,1513.74,1612.15,2345.93,1509.64,1953.65,2324.8,1624.98,1745.7,1753.65,684.25,1084.06,1841.85,12190.91,15224.45,15720.3,15594.19,4659.88,2013.3,DJI_0597.jpg,tvisha_images,h
121,rec_499,u,1155.07,1512.73,2235.98,1618.06,2170.37,2788.54,1794.01,2332.63,4628.35,2077.98,3113.42,2246.36,8724.13,8984.04,9646.39,8293.01,2612.03,1287.0,DJI_0499.jpg,tvisha_images,u
122,rec_580,h,1443.2,1479.59,2170.01,1497.59,1880.36,2294.54,1565.48,1691.33,1817.71,693.23,1092.04,1827.63,11794.57,13812.69,15534.63,14969.58,4229.79,1720.0,DJI_0580.jpg,tvisha_images,h
123,rec_377,h,1513.74,1707.67,2511.85,1893.3,2807.93,4039.08,2934.03,2982.98,4471.63,1491.66,2124.19,2976.75,12429.81,13625.22,14312.28,13630.5,4131.54,1715.4,DJI_0377.jpg,tvisha_images,h
124,rec_415,h,928.14,1058.52,1558.29,1130.6,1472.13,2014.62,1290.09,1341.99,1658.7,585.03,1139.96,1534.81,8171.92,9610.04,10307.42,9345.87,2929.03,1324.9,DJI_0415.jpg,tvisha_images,h
125,rec_508,u,1047.98,1253.46,1960.1,1570.8,2060.83,2566.13,1876.68,2075.4,3312.83,1113.19,2304.87,2235.91,7550.0,8859.33,9995.39,10035.93,3052.62,1280.5,DJI_0508.jpg,tvisha_images,u
126,rec_474,u,1769.58,2105.35,2923.66,2625.41,3029.38,3373.34,2423.26,2643.71,4068.96,1383.89,2259.95,2385.66,11706.84,13931.7,15978.18,14562.42,4760.6,2520.4,DJI_0474.jpg,tvisha_images,u
127,rec_588,h,1401.55,1490.32,2098.04,1441.98,1880.36,2333.12,1656.05,1730.09,1801.69,670.14,1074.08,1810.9,11660.63,13749.12,15077.32,14458.13,4086.43,1820.9,DJI_0588.jpg,tvisha_images,h
128,rec_547,h,1116.82,1149.17,1599.27,1221.42,1445.34,1570.54,1104.74,1260.95,1483.68,520.03,838.5,1278.38,8203.25,9552.16,11377.62,10841.38,3046.44,1312.9,DJI_0547.jpg,tvisha_images,h
129,rec_545,h,1069.23,1138.45,1635.25,1248.3,1539.91,1747.57,1221.63,1287.12,1614.09,515.33,891.4,1411.82,7391.77,9169.88,11469.6,11467.1,2956.22,1182.4,DJI_0545.jpg,tvisha_images,h
130,rec_593,h,1408.35,1457.18,2139.02,1422.52,1755.05,2156.85,1431.21,1608.27,1711.32,646.62,983.24,1742.71,11518.07,13628.48,14572.74,13984.41,4224.85,1819.0,DJI_0593.jpg,tvisha_images,h
131,rec_551,h,1252.81,1324.62,1962.1,1336.34,1654.18,1965.45,1285.88,1417.5,1530.58,578.19,942.31,1595.46,9100.1,11412.22,12905.98,12942.65,3749.65,1536.8,DJI_0551.jpg,tvisha_images,h
132,rec_372,h,680.8,757.34,1156.47,902.63,1364.17,1915.52,1482.81,1367.66,2149.45,623.52,992.22,1385.05,5222.1,5872.8,6797.69,6847.42,1824.77,697.6,DJI_0372.jpg,tvisha_images,h
133,rec_444,u,1250.26,1601.43,2455.88,1985.05,2399.7,2899.75,1943.56,2112.15,3721.21,1415.11,2840.91,2415.78,8313.69,8975.89,8983.64,9248.24,3111.94,1478.5,DJI_0444.jpg,tvisha_images,u
134,rec_411,h,1016.53,1099.46,1636.25,1107.44,1447.7,1833.81,1247.96,1317.83,1458.51,522.17,745.66,1377.94,8359.9,10885.67,11961.29,11562.51,3517.93,1498.9,DJI_0411.jpg,tvisha_images,h
135,rec_410,h,966.38,1029.28,1495.32,1133.38,1431.94,1840.62,1353.28,1343.5,1839.44,583.75,765.63,1400.11,8465.65,9115.27,10279.06,9474.56,2843.75,1349.9,DJI_0410.jpg,tvisha_images,h
136,rec_447,u,1264.71,1610.2,2271.96,2163.9,2661.34,3011.72,2257.39,2313.0,4198.23,1393.3,2867.86,2570.56,8683.4,8777.82,10490.52,10059.23,2789.99,1262.9,DJI_0447.jpg,tvisha_images,u
137,rec_433,u,1133.82,1430.86,2224.98,1979.48,2509.24,3484.55,2361.65,2314.51,4314.91,1457.45,2979.66,2831.59,8185.23,9113.64,10634.93,9937.19,2845.61,1262.0,DJI_0433.jpg,tvisha_images,u
138,rec_453,u,1319.96,1725.22,2567.82,2352.95,3144.44,3802.29,2768.16,2760.49,4750.75,1448.04,3144.37,2909.81,8428.83,9916.51,11944.09,11410.52,3086.6,1121.4,DJI_0453.jpg,tvisha_images,u
139,rec_562,h,1179.72,1161.84,1591.27,1234.4,1549.36,1548.6,1198.47,1358.6,1461.94,598.29,890.4,1317.28,10485.71,10983.48,12375.61,11270.73,3333.78,1622.9,DJI_0562.jpg,tvisha_images,h
140,rec_554,h,1400.7,1450.35,2059.06,1413.26,1773.18,1997.22,1353.28,1532.77,1632.39,670.14,1021.17,1601.74,10280.5,12236.29,14058.7,13965.55,3775.61,1583.1,DJI_0554.jpg,tvisha_images,h
141,rec_399,u,825.29,1072.17,1452.33,1437.35,1802.34,1833.06,1474.39,1634.45,2787.76,916.04,1544.23,1380.45,6136.18,6726.21,7493.96,6980.55,1953.92,881.7,DJI_0399.jpg,tvisha_images,u
142,rec_470,u,1690.53,2137.52,2969.64,2771.83,3216.15,3660.06,2655.47,2825.93,4878.87,1756.38,3014.6,2794.78,11123.3,11976.27,13199.96,11768.87,4113.62,2245.6,DJI_0470.jpg,tvisha_images,u
143,rec_388,u,1192.47,1590.71,2442.88,2061.96,2921.41,3657.03,2555.95,2684.99,4480.78,1531.44,3019.59,2812.76,9382.86,10416.17,10886.79,10318.84,3250.36,1448.0,DJI_0388.jpg,tvisha_images,u
144,rec_510,u,1109.17,1393.82,2151.01,1721.86,2299.62,2915.64,2127.85,2393.54,3849.33,1483.97,2732.11,2440.88,8985.74,9596.18,10488.8,10042.59,3153.96,1448.0,DJI_0510.jpg,tvisha_images,u
145,rec_532,u,175.09,213.46,350.84,227.97,264.01,292.02,176.93,216.95,307.72,114.61,316.43,245.97,784.84,1075.12,1081.37,1158.25,415.25,177.6,DJI_0532.jpg,tvisha_images,u
146,rec_446,u,1297.86,1679.41,2567.82,2123.13,2777.98,3697.13,2491.19,2486.66,4150.18,1348.83,2804.97,2980.51,9603.75,11114.71,11562.43,11735.58,3676.12,1567.3,DJI_0446.jpg,tvisha_images,u
147,rec_456,h,1291.91,1474.72,2143.02,1580.99,2279.91,3217.49,2297.94,2197.22,2888.43,948.11,1692.97,2371.86,10614.96,12124.62,13137.21,12316.93,3719.99,1680.2,DJI_0456.jpg,tvisha_images,h
148,rec_367,h,889.04,972.75,1432.34,1089.83,1599.01,2364.14,1736.62,1618.85,2346.2,744.55,1046.13,1708.83,7407.44,8195.84,8563.3,8554.84,2443.95,965.0,DJI_0367.jpg,tvisha_images,h
149,rec_540,u,254.98,280.71,473.78,339.18,405.86,496.28,355.43,352.86,502.19,138.56,441.21,429.61,1589.27,1981.51,2222.06,2385.28,713.72,296.0,DJI_0540.jpg,tvisha_images,u
150,rec_527,u,1323.36,1674.53,2523.84,1958.17,2651.89,3402.09,2310.57,2461.49,3501.57,1205.13,2480.56,2714.46,9941.34,11013.64,11405.99,10785.91,3545.11,1576.6,DJI_0527.jpg,tvisha_images,u
151,rec_374,h,1377.75,1557.57,2289.95,1714.44,2446.99,3513.29,2472.23,2672.4,4269.15,1455.74,1950.51,2716.13,11383.35,12118.1,12567.3,11982.99,3744.09,1559.9,DJI_0374.jpg,tvisha_images,h
152,rec_418,h,1047.13,1199.86,1728.21,1182.5,1620.29,2396.67,1525.99,1730.59,2505.21,871.99,1313.65,1874.06,9196.44,9650.79,9304.27,8402.85,2861.67,1370.3,DJI_0418.jpg,tvisha_images,h
153,rec_572,h,1410.05,1441.58,2092.04,1467.93,1823.62,1912.49,1416.46,1567.5,1735.34,664.15,1085.06,1490.46,11189.88,12703.34,14301.11,12767.36,3885.6,1749.6,DJI_0572.jpg,tvisha_images,h
154,rec_395,u,702.9,755.39,1038.52,762.69,911.81,1028.87,754.57,814.96,1052.42,342.98,503.1,801.08,4198.36,5492.15,6409.15,6339.3,1651.75,635.6,DJI_0395.jpg,tvisha_images,u
155,rec_429,u,1121.07,1548.8,2205.99,2353.88,2885.95,3275.75,2520.15,2656.8,5422.24,1859.45,3826.15,2698.98,7631.46,7635.86,8590.81,8275.26,2485.97,1247.2,DJI_0429.jpg,tvisha_images,u
156,rec_366,h,987.63,1146.25,1703.22,1214.94,1875.63,2933.04,2005.16,2012.99,2830.09,958.8,1391.51,2096.19,8581.57,9586.4,9701.41,9410.21,2824.6,1107.5,DJI_0366.jpg,tvisha_images,h
157,rec_586,h,1494.2,1551.72,2174.0,1561.53,2015.12,2327.82,1735.56,1801.07,1958.41,703.49,1081.06,1820.1,12166.62,14006.69,16004.83,15349.01,4166.14,1770.0,DJI_0586.jpg,tvisha_images,h
158,rec_525,u,1206.92,1640.42,2602.81,1826.58,2538.4,3486.06,2168.93,2436.32,3710.91,1531.01,2878.84,2716.13,9407.14,9604.33,9126.34,9123.98,3189.8,1483.1,DJI_0525.jpg,tvisha_images,u
159,rec_563,h,1004.63,1053.65,1621.26,1029.59,1382.29,1692.34,1063.66,1243.83,1452.79,516.18,986.23,1440.27,8380.27,9494.29,10347.82,9911.68,3184.86,1359.2,DJI_0563.jpg,tvisha_images,h
160,rec_431,u,1027.58,1392.85,2042.06,2071.23,2530.52,3098.72,2145.23,2323.06,4726.73,1697.79,3315.06,2544.21,6302.24,6851.74,7237.8,7438.75,2365.47,1067.7,DJI_0431.jpg,tvisha_images,u
161,rec_427,u,43.35,77.0,175.92,47.26,58.32,152.82,59.5,80.04,116.68,49.18,181.67,160.22,152.74,242.9,177.08,219.67,132.24,55.5,DJI_0427.jpg,tvisha_images,u
162,rec_574,h,1381.15,1425.01,1976.09,1479.98,1777.91,2063.04,1489.13,1590.15,1847.45,634.21,986.23,1595.88,10454.38,12501.2,13708.85,13110.17,3712.58,1610.8,DJI_0574.jpg,tvisha_images,h
163,rec_501,u,878.84,1038.06,1574.28,1061.1,1430.36,1769.51,1265.87,1590.66,2307.31,1000.29,1810.76,1755.68,7130.94,7891.8,7382.22,7794.88,2740.56,1255.5,DJI_0501.jpg,tvisha_images,u
164,rec_587,h,1371.8,1445.48,2099.04,1425.3,1805.49,2241.58,1570.75,1651.06,1958.41,693.66,1046.13,1767.81,10805.29,12874.51,14113.72,13656.01,3930.71,1655.2,DJI_0587.jpg,tvisha_images,h
165,rec_578,h,1395.6,1449.38,2138.02,1411.4,1778.7,2181.81,1490.71,1605.25,1663.28,635.07,932.33,1734.34,11663.76,14146.88,15148.67,14796.51,4373.15,1869.9,DJI_0578.jpg,tvisha_images,h
166,rec_520,u,1253.66,1518.58,2391.9,1876.62,2580.96,3305.25,2360.6,2510.32,3936.27,1397.15,2734.1,2834.52,8745.28,10124.36,11663.01,12151.62,3525.96,1427.6,DJI_0520.jpg,tvisha_images,u
167,rec_544,u,298.33,318.73,545.75,267.82,368.03,447.86,256.44,326.19,285.98,134.28,358.36,407.44,1712.24,2290.43,2652.71,2864.56,889.21,365.4,DJI_0544.jpg,tvisha_images,u
168,rec_386,h,682.5,761.24,1164.47,861.85,1196.3,1736.22,1233.22,1183.93,1794.83,553.39,844.49,1274.19,5393.64,6040.71,6348.98,6381.46,1821.07,695.8,DJI_0386.jpg,tvisha_images,h
169,rec_498,u,942.58,1209.6,1688.23,1734.83,2176.68,2675.07,2012.54,2161.98,4145.61,1329.15,2267.94,1996.21,6541.92,6603.94,7110.58,6839.66,1892.13,817.0,DJI_0498.jpg,tvisha_images,u
170,rec_373,h,753.05,873.33,1322.39,963.79,1451.64,2204.51,1569.69,1485.96,2221.51,710.34,1127.98,1626.0,5963.08,6914.5,7418.32,7568.55,2062.06,773.5,DJI_0373.jpg,tvisha_images,h
171,rec_526,u,1154.22,1443.53,2200.99,1977.63,2599.87,3307.52,2395.88,2226.42,3479.84,1173.06,2188.08,2547.13,8518.91,9271.77,9949.83,10302.2,3012.45,1370.3,DJI_0526.jpg,tvisha_images,u
172,rec_564,h,1098.12,1175.49,1710.22,1157.48,1474.5,1762.7,1211.63,1307.76,1567.19,543.12,927.34,1421.02,8493.84,10059.97,11114.58,11256.31,3091.55,1284.2,DJI_0564.jpg,tvisha_images,h
173,rec_439,u,1141.47,1517.61,2385.91,1941.49,2640.85,3283.31,2300.04,2298.9,3675.45,1262.44,2688.18,2692.71,7979.23,9662.2,10218.02,10423.13,3247.27,1465.6,DJI_0439.jpg,tvisha_images,u
174,rec_396,u,1181.42,1516.63,2301.95,1736.68,2530.52,3355.18,2244.23,2225.91,3389.47,1184.61,2503.51,2455.1,10022.02,11147.32,11510.0,11227.46,3369.0,1498.9,DJI_0396.jpg,tvisha_images,u
175,rec_449,u,1365.85,1772.98,2591.81,2406.7,3324.91,3901.39,2929.82,2915.03,4946.36,1602.85,3486.75,3085.93,9648.39,10710.42,12514.87,12048.45,3363.44,1475.7,DJI_0449.jpg,tvisha_images,u
176,rec_504,u,1019.08,1243.72,1835.16,1301.12,1643.93,2246.87,1469.12,1958.12,3235.04,1301.36,2251.97,2143.88,8261.21,8942.47,8246.11,8331.84,3035.93,1419.3,DJI_0504.jpg,tvisha_images,u
177,rec_555,h,1225.61,1309.02,1952.11,1316.88,1714.07,1988.14,1332.21,1465.82,1600.36,628.23,1094.04,1578.31,9039.79,10677.82,12516.58,12744.06,3458.6,1460.0,DJI_0555.jpg,tvisha_images,h
178,rec_509,u,1096.42,1290.5,1952.11,1632.89,2169.58,2723.48,2017.28,2245.54,3856.19,1327.02,2214.03,2240.09,8304.29,8954.69,9866.45,9657.62,2946.33,1337.9,DJI_0509.jpg,tvisha_images,u
179,rec_556,h,1299.56,1422.09,2165.01,1394.72,1850.41,2336.9,1505.45,1528.74,1689.59,595.72,1068.09,1881.59,9150.23,12295.79,13422.6,14302.81,4173.56,1696.0,DJI_0556.jpg,tvisha_images,h
180,rec_524,u,1272.36,1638.47,2471.87,2418.75,3020.71,3811.36,2758.15,2689.52,4563.14,1471.99,2832.92,2893.92,8751.54,9482.88,10527.48,10191.25,3073.01,1321.2,DJI_0524.jpg,tvisha_images,u
181,rec_407,h,953.63,1115.06,1613.26,1252.01,1855.14,2730.29,1910.38,1677.24,2353.07,654.74,1351.58,2059.79,6462.03,8526.77,10292.81,10296.65,2673.2,1004.8,DJI_0407.jpg,tvisha_images,h
182,rec_441,u,1329.31,1701.83,2429.89,2138.88,2817.38,3391.49,2465.38,2514.85,4346.94,1454.46,2726.12,2638.33,9920.97,10720.2,11696.53,11498.17,3326.36,1473.0,DJI_0441.jpg,tvisha_images,u
183,rec_398,u,827.84,997.12,1446.34,1570.8,1846.47,2010.08,1639.73,1495.52,2953.63,803.99,1593.15,1530.2,5183.72,5631.53,7336.66,7288.98,1845.78,811.4,DJI_0398.jpg,tvisha_images,u
184,rec_518,u,1291.91,1571.22,2323.94,1998.95,2569.93,3050.3,2234.22,2560.15,4570.01,1568.21,3042.55,2729.1,8631.7,9702.96,11043.24,11164.23,3304.12,1394.3,DJI_0518.jpg,tvisha_images,u
185,rec_477,u,1721.13,2040.05,2838.7,2357.59,2813.44,3244.73,2279.51,2501.76,3745.23,1367.22,1968.47,2335.05,11721.72,13590.99,16140.64,15162.62,4569.04,2310.3,DJI_0477.jpg,tvisha_images,u
186,rec_436,u,1268.96,1658.94,2431.89,2013.77,2629.82,3256.83,2238.43,2438.34,4099.85,1428.8,2696.17,2613.65,9226.21,10130.88,10306.56,9856.21,3213.9,1463.7,DJI_0436.jpg,tvisha_images,u
187,rec_539,u,292.38,361.61,529.76,344.74,435.81,459.97,301.2,378.54,514.77,221.53,501.1,403.68,1365.25,1721.49,2054.44,2121.24,634.01,247.0,DJI_0539.jpg,tvisha_images,u
188,rec_486,u,1648.88,2021.53,2800.72,2296.42,2747.24,3293.9,2266.87,2462.5,3885.94,1466.43,2250.97,2371.44,11243.14,12389.53,14104.26,13258.84,4187.15,2231.7,DJI_0486.jpg,tvisha_images,u
189,rec_541,u,175.94,226.13,399.82,177.0,272.68,370.7,188.51,218.46,236.79,111.62,346.38,302.86,781.71,1165.59,1238.68,1570.96,484.46,193.3,DJI_0541.jpg,tvisha_images,u
190,rec_485,u,1804.42,2198.92,3087.59,2463.24,3002.58,3670.65,2489.61,2706.13,4073.54,1503.21,2674.21,2741.65,12582.54,13895.83,15776.18,14458.13,4504.77,2402.9,DJI_0485.jpg,tvisha_images,u
191,rec_378,h,1427.05,1595.58,2263.96,2118.49,2624.3,3590.46,2694.97,2763.51,4721.01,1403.14,1961.49,2683.92,11638.7,12310.46,12828.62,11964.13,3731.11,1588.6,DJI_0378.jpg,tvisha_images,h
192,rec_590,h,1430.45,1505.91,2226.98,1354.87,1781.06,2355.06,1517.04,1664.15,1654.13,656.45,1009.19,1896.65,12180.72,14803.04,15328.33,15274.68,4522.69,1933.7,DJI_0590.jpg,tvisha_images,h
193,rec_512,u,1256.21,1446.46,2179.0,1826.58,2381.58,2946.66,2182.62,2365.35,3893.94,1337.71,2390.72,2529.15,8734.31,9920.59,11265.87,11175.32,3427.09,1463.7,DJI_0512.jpg,tvisha_images,u
194,rec_576,h,1472.1,1501.04,2112.03,1489.25,1823.62,2162.9,1486.5,1678.75,1882.91,722.74,1005.2,1700.46,11706.84,13562.46,15449.53,14655.61,4106.82,1770.9,DJI_0576.jpg,tvisha_images,h
195,rec_519,u,1098.12,1277.83,1984.09,1562.46,2153.03,2628.92,1933.03,2019.53,3207.58,1135.85,2368.76,2221.68,7112.15,8151.82,9797.68,10305.53,2815.33,1167.6,DJI_0519.jpg,tvisha_images,u
196,rec_583,h,1337.81,1371.4,1927.12,1331.7,1644.72,1945.78,1346.43,1497.53,1685.01,635.5,935.32,1514.31,10603.99,11940.41,12483.06,11660.14,3650.78,1675.6,DJI_0583.jpg,tvisha_images,h
197,rec_472,u,1652.28,2118.02,3067.6,2675.46,3227.19,3736.47,2731.3,2780.13,4652.37,1695.66,3262.16,2818.2,10540.54,11763.53,12936.07,11767.76,4096.32,2167.8,DJI_0472.jpg,tvisha_images,u
198,rec_538,u,284.73,320.68,483.78,347.52,446.84,591.6,446.53,450.01,592.56,181.33,416.25,564.73,1847.75,2254.57,2538.39,2562.79,745.85,306.2,DJI_0538.jpg,tvisha_images,u
199,rec_432,u,1000.38,1196.93,1743.2,1673.67,2170.37,2927.75,2106.79,2000.4,3677.74,1202.57,2234.0,2298.23,6979.77,7114.2,8005.42,8094.43,2372.27,1101.0,DJI_0432.jpg,tvisha_images,u
200,rec_455,u,1338.66,1769.08,2505.85,2355.74,3129.46,3591.97,2710.24,2930.13,4789.64,1609.27,3125.4,2847.07,10781.79,11295.66,12273.32,11146.48,3471.58,1650.6,DJI_0455.jpg,tvisha_images,u
201,rec_422,u,1018.23,1155.02,1706.22,1232.54,1770.81,2674.31,1839.82,1838.32,2409.12,862.15,1323.63,2137.6,8848.67,9798.32,10133.78,9382.48,3203.39,1496.1,DJI_0422.jpg,tvisha_images,u
202,rec_379,h,1226.46,1340.21,1967.1,1459.59,2104.17,3076.78,2248.97,2172.05,3208.73,1002.43,1476.35,2358.89,9801.92,10497.68,11014.01,10824.74,3297.32,1364.7,DJI_0379.jpg,tvisha_images,h
203,rec_376,h,1517.14,1698.9,2465.87,1947.05,2662.13,3565.49,2588.07,2587.33,3532.46,1203.0,1840.7,2608.21,12015.45,13509.48,14547.81,13872.35,4102.5,1655.2,DJI_0376.jpg,tvisha_images,h
204,rec_568,h,1254.51,1337.29,1963.1,1266.83,1651.81,1965.45,1352.22,1468.34,1538.59,605.99,1039.14,1574.96,10303.99,12147.44,13115.72,13076.89,3734.82,1686.7,DJI_0568.jpg,tvisha_images,h
205,rec_416,h,1364.15,1534.18,2144.02,1643.08,2267.3,3148.65,2210.0,2258.13,2963.93,1124.73,1585.16,2358.05,11580.73,12524.02,13639.22,12609.82,3812.68,1742.2,DJI_0416.jpg,tvisha_images,h
206,rec_542,u,187.84,195.91,299.86,166.81,215.15,218.64,140.59,192.29,162.44,79.54,113.8,193.68,1026.09,1517.72,1754.44,1881.6,552.44,214.6,DJI_0542.jpg,tvisha_images,u
207,rec_559,h,1290.21,1291.48,1781.18,1287.22,1591.92,1747.57,1230.59,1496.02,1595.78,648.75,860.46,1445.7,11014.43,11906.99,12999.68,11923.08,3605.67,1660.8,DJI_0559.jpg,tvisha_images,h
208,rec_384,h,1392.2,1533.2,2267.96,1791.36,2371.33,3414.95,2393.77,2394.04,3768.11,1110.19,1715.93,2614.06,10907.9,12217.54,13145.81,12988.14,3771.9,1518.3,DJI_0384.jpg,tvisha_images,h
209,rec_438,u,1282.56,1664.79,2524.84,2086.98,2783.5,3713.77,2504.35,2401.09,4170.77,1336.42,2857.88,2822.8,8876.87,10062.42,11130.06,11204.17,3188.56,1387.8,DJI_0438.jpg,tvisha_images,u
210,rec_560,h,1194.17,1226.17,1742.2,1234.4,1494.99,1715.79,1183.72,1326.39,1427.63,541.41,897.39,1452.82,9078.95,10715.31,12534.64,12889.4,3360.35,1467.4,DJI_0560.jpg,tvisha_images,h
211,rec_375,h,1404.1,1631.65,2385.91,1884.03,2617.21,3728.9,2648.63,2643.21,3963.72,1284.25,1899.6,2687.27,11504.76,12636.5,13524.89,12582.08,3739.77,1518.3,DJI_0375.jpg,tvisha_images,h
212,rec_506,u,1042.88,1219.35,1908.13,1496.66,2005.66,2507.12,1858.78,1991.84,3464.97,1114.9,2280.91,2245.11,6707.19,7668.47,9593.96,10012.64,2718.93,1101.9,DJI_0506.jpg,tvisha_images,u
213,rec_534,u,260.93,277.79,433.8,278.02,353.06,444.08,302.78,372.5,528.5,222.81,264.53,377.32,1588.48,1968.47,2069.05,2213.32,741.53,325.6,DJI_0534.jpg,tvisha_images,u
